<?xml version="1.0"?><Response xmlns="urn:mdGlobalAddress" xmlns:i="http://www.w3.org/2001/XMLSchema-instance"><Version>3.0.1.105</Version><TransmissionReference/><TransmissionResults/><TotalRecords>1</TotalRecords><Records><ResponseRecord><RecordID>1</RecordID><Results>AC16,AE09,AV14</Results><FormattedAddress>158 THOMAS DR;FREMONT OH  43420-9813</FormattedAddress><Organization/><AddressLine1>158 Thomas Dr</AddressLine1><AddressLine2>Fremont OH 43420-9813</AddressLine2><AddressLine3/><AddressLine4/><AddressLine5/><AddressLine6/><AddressLine7/><AddressLine8/><SubPremises/><DoubleDependentLocality/><DependentLocality/><Locality>Fremont</Locality><SubAdministrativeArea>Sandusky</SubAdministrativeArea><AdministrativeArea>OH</AdministrativeArea><PostalCode>43420-9813</PostalCode><AddressType>H</AddressType><AddressKey>43420981399</AddressKey><SubNationalArea/><CountryName>United States of America</CountryName><CountryISO3166_1_Alpha2>US</CountryISO3166_1_Alpha2><CountryISO3166_1_Alpha3>USA</CountryISO3166_1_Alpha3><CountryISO3166_1_Numeric>840</CountryISO3166_1_Numeric><Thoroughfare> Thomas Dr </Thoroughfare><ThoroughfarePreDirection/><ThoroughfareLeadingType/><ThoroughfareName>Thomas</ThoroughfareName><ThoroughfareTrailingType>Dr</ThoroughfareTrailingType><ThoroughfarePostDirection/><DependentThoroughfare/><DependentThoroughfarePreDirection/><DependentThoroughfareLeadingType/><DependentThoroughfareName/><DependentThoroughfareTrailingType/><DependentThoroughfarePostDirection/><Building/><PremisesType/><PremisesNumber>158</PremisesNumber><SubPremisesType/><SubPremisesNumber/><PostBox/><Latitude/><Longitude/></ResponseRecord></Records></Response>
