<?xml version="1.0" encoding="utf-8"?><ResponseArray xmlns:xsd="http://www.w3.org/2001/XMLSchema" xmlns:xsi="http://www.w3.org/2001/XMLSchema-instance"><TransmissionReference/><ProductName>Property Web Service</ProductName><Version>2.0.0.2395</Version><TimeStamp>10/18/2015 11:36:00 AM</TimeStamp><ResponseResult><Code/><Description/></ResponseResult><TotalRecords>1</TotalRecords><Record><RecordID/><Result><Code>YE03</Code><Description>Invalid FIPS/APN or AddressKey provided.</Description></Result><Parcel><FIPSCode/><FIPSSubCode/><UnformattedAPN/><APNSequenceNo/><FormattedAPN/><OriginalAPN/><CensusTract/><Zoning/><Range/><Township/><Section/><QuarterSection/><HomesteadExempt/><AbsenteeOwnerCode/><LandUseCode/><CountyLandUse1/><CountyLandUse2/><PropertyIndicatorCode/><MunicipalityName/><ViewCode/><LocationInfluenceCode/><NumberOfBuildings/></Parcel><PropertyAddress><Address/><City/><State/><Zip/><AddressKey/><Latitude/><Longitude/></PropertyAddress><ParsedPropertyAddress><Range/><PreDirectional/><StreetName/><Suffix/><PostDirectional/><SuiteName/><SuiteRange/></ParsedPropertyAddress><Owner><CorporateOwner/><Name/><Name2/><UnparsedName1/><UnparsedName2/><Phone/><PhoneOptOut/></Owner><OwnerAddress><Address/><Suite/><City/><State/><Zip/><CarrierRoute/><Matchcode/><MailOptOut/></OwnerAddress><Values><CalculatedTotalValue/><CalculatedLandValue/><CalculatedImprovementValue/><CalculatedTotalValueCode/><CalculatedLandValueCode/><CalculatedImprovementValueCode/><AssessedTotalValue/><AssessedLandValue/><AssessedImprovementValue/><MarketTotalValue/><MarketLandValue/><MarketImprovementValue/><AppraisedTotalValue/><AppraisedLandValue/><AppraisedImprovementValue/><TaxAmount/><TaxYear/></Values><CurrentSale><TransactionId/><DocumentYear/><DeedCategoryCode/><RecordingDate/><SaleDate/><SalePrice/><SaleCode/><SellerName/><MultiAPNCode/><MultiAPNCount/><ResidentalModel/></CurrentSale><CurrentDeed><MortgageAmount/><MortgageDate/><MortgageLoanTypeCode/><MortgageDeedTypeCode/><MortgageTermCode/><MortgageTerm/><MortgageDueDate/><MortgageAssumptionAmount/><LenderCode/><LenderName/><SecondMortgageAmount/><SecondMortgageLoanTypeCode/><SecondMortgageDeedTypeCode/></CurrentDeed><PriorSale><TransactionId/><DocumentYear/><DeedCategoryCode/><RecordingDate/><SaleDate/><SalePrice/><SaleCode/><TransactionCode/><MultiAPNCode/><MultiAPNCount/><MortgageAmount/><DeedTypeCode/></PriorSale><Lot><FrontFootage/><DepthFootage/><Acreage/><SquareFootage/></Lot><SquareFootage><UniversalBuilding/><BuildingAreaCode/><BuildingArea/><LivingSpace/><GroundFloor/><Gross/><AdjustedGross/><Basement/><GarageOrParking/></SquareFootage><Building><YearBuilt/><EffectiveYearBuilt/><BedRooms/><TotalRooms/><TotalBathsCalculated/><TotalBaths/><FullBaths/><HalfBaths/><OneQuarterBaths/><ThreeQuarterBaths/><BathFixtures/><AirConditioningCode/><BasementCode/><BuildingCode/><ImprovementCode/><ConditionCode/><ConstructionCode/><ExteriorWallCode/><Fireplace/><Fireplaces/><FireplaceCode/><FoundationCode/><FlooringCode/><RoofFramingCode/><GarageCode/><HeatingCode/><MobileHome/><ParkingSpaces/><ParkingCode/><Pool/><PoolCode/><QualityCode/><RoofCoverCode/><RoofTypeCode/><StoriesCode/><Stories/><BuildingStyleCode/><Units/><ElectricityCode/><FuelCode/><SewerCode/><WaterCode/></Building></Record></ResponseArray>