<?xml version="1.0" encoding="utf-8"?><ResponseArray xmlns:xsd="http://www.w3.org/2001/XMLSchema" xmlns:xsi="http://www.w3.org/2001/XMLSchema-instance"><TransmissionReference/><ProductName>Property Web Service</ProductName><Version>2.0.0.2395</Version><TimeStamp>10/26/2015 12:12:46 PM</TimeStamp><ResponseResult><Code/><Description/></ResponseResult><TotalRecords>1</TotalRecords><Record><RecordID/><Result><Code>YS01,YS04,YC01,GS05</Code><Description>FIPS/APN Match Found. Detail information returned.</Description></Result><Parcel><FIPSCode>12071</FIPSCode><FIPSSubCode>000</FIPSSubCode><UnformattedAPN>24432403000220040</UnformattedAPN><APNSequenceNo>001</APNSequenceNo><FormattedAPN>24-43-24-03-00022.0040</FormattedAPN><OriginalAPN>24432403000220040</OriginalAPN><CensusTract>0203004001</CensusTract><Zoning>MH-3</Zoning><Range>24</Range><Township>43</Township><Section>24</Section><QuarterSection/><HomesteadExempt/><AbsenteeOwnerCode>A</AbsenteeOwnerCode><LandUseCode>460</LandUseCode><CountyLandUse1>00</CountyLandUse1><CountyLandUse2/><PropertyIndicatorCode>80</PropertyIndicatorCode><MunicipalityName>NORTH FORT MYERS FIRE</MunicipalityName><ViewCode/><LocationInfluenceCode/><NumberOfBuildings/></Parcel><PropertyAddress><Address>8351 Bartholomew Dr</Address><City>North Fort Myers</City><State>FL</State><Zip>33917-1758</Zip><AddressKey>33917175851</AddressKey><Latitude>26.72156</Latitude><Longitude>-81.85911</Longitude></PropertyAddress><ParsedPropertyAddress><Range>8351</Range><PreDirectional/><StreetName>Bartholomew</StreetName><Suffix>Dr</Suffix><PostDirectional/><SuiteName/><SuiteRange/></ParsedPropertyAddress><Owner><CorporateOwner/><Name>EDWARDS JOHN V</Name><Name2/><UnparsedName1>EDWARDS JOHN V</UnparsedName1><UnparsedName2/><Phone/><PhoneOptOut/></Owner><OwnerAddress><Address>8371 Bartholomew Dr</Address><Suite/><City>North Fort Myers</City><State>FL</State><Zip>33917-1758</Zip><CarrierRoute>R018</CarrierRoute><Matchcode>S80</Matchcode><MailOptOut>Y</MailOptOut></OwnerAddress><Values><CalculatedTotalValue>17300</CalculatedTotalValue><CalculatedLandValue>17300</CalculatedLandValue><CalculatedImprovementValue/><CalculatedTotalValueCode>M</CalculatedTotalValueCode><CalculatedLandValueCode>M</CalculatedLandValueCode><CalculatedImprovementValueCode>M</CalculatedImprovementValueCode><AssessedTotalValue>17300</AssessedTotalValue><AssessedLandValue/><AssessedImprovementValue/><MarketTotalValue>17300</MarketTotalValue><MarketLandValue>17300</MarketLandValue><MarketImprovementValue/><AppraisedTotalValue/><AppraisedLandValue/><AppraisedImprovementValue/><TaxAmount>235.82</TaxAmount><TaxYear>2014</TaxYear></Values><CurrentSale><TransactionId>193001012967</TransactionId><DocumentYear>1992</DocumentYear><DeedCategoryCode>G</DeedCategoryCode><RecordingDate>19920114</RecordingDate><SaleDate>19920109</SaleDate><SalePrice>69000</SalePrice><SaleCode/><SellerName>FISCHER GERHARDT C</SellerName><MultiAPNCode>D</MultiAPNCode><MultiAPNCount>66</MultiAPNCount><ResidentalModel>Y</ResidentalModel></CurrentSale><CurrentDeed><MortgageAmount>68900</MortgageAmount><MortgageDate>19920114</MortgageDate><MortgageLoanTypeCode>PP</MortgageLoanTypeCode><MortgageDeedTypeCode/><MortgageTermCode/><MortgageTerm/><MortgageDueDate/><MortgageAssumptionAmount/><LenderCode/><LenderName>FISCHER GERHARDT C</LenderName><SecondMortgageAmount/><SecondMortgageLoanTypeCode/><SecondMortgageDeedTypeCode/></CurrentDeed><PriorSale><TransactionId>1910010160579</TransactionId><DocumentYear>1978</DocumentYear><DeedCategoryCode>G</DeedCategoryCode><RecordingDate>19781100</RecordingDate><SaleDate/><SalePrice>19000</SalePrice><SaleCode/><TransactionCode/><MultiAPNCode>M</MultiAPNCode><MultiAPNCount/><MortgageAmount/><DeedTypeCode/></PriorSale><Lot><FrontFootage>300</FrontFootage><DepthFootage>305</DepthFootage><Acreage>2.1491</Acreage><SquareFootage>93615</SquareFootage></Lot><SquareFootage><UniversalBuilding/><BuildingAreaCode/><BuildingArea/><LivingSpace/><GroundFloor/><Gross/><AdjustedGross/><Basement/><GarageOrParking/></SquareFootage><Building><YearBuilt/><EffectiveYearBuilt/><BedRooms>0</BedRooms><TotalRooms>0</TotalRooms><TotalBathsCalculated>0.00</TotalBathsCalculated><TotalBaths>0.00</TotalBaths><FullBaths>0</FullBaths><HalfBaths>0</HalfBaths><OneQuarterBaths/><ThreeQuarterBaths/><BathFixtures/><AirConditioningCode/><BasementCode/><BuildingCode/><ImprovementCode/><ConditionCode/><ConstructionCode/><ExteriorWallCode/><Fireplace/><Fireplaces/><FireplaceCode/><FoundationCode/><FlooringCode/><RoofFramingCode/><GarageCode/><HeatingCode/><MobileHome>Y</MobileHome><ParkingSpaces/><ParkingCode/><Pool/><PoolCode/><QualityCode/><RoofCoverCode/><RoofTypeCode/><StoriesCode/><Stories>0.00</Stories><BuildingStyleCode/><Units/><ElectricityCode/><FuelCode/><SewerCode/><WaterCode/></Building></Record></ResponseArray>